game_id,sport,season,season_type,date,as_of_date,away_team_id,home_team_id,status,away_common_opponents,home_common_opponents,away_games_played,home_games_played,away_head_to_head,home_head_to_head,home_advantage,away_last10_form,home_last10_form,away_season_scoring,home_season_scoring,away_travel_km,home_travel_km,home_last10_form_wins,home_last10_form_losses,home_last10_form_otl,home_last10_form_l10_pct,home_season_scoring_spg,home_season_scoring_sapg,home_season_scoring_gp,away_last10_form_wins,away_last10_form_losses,away_last10_form_otl,away_last10_form_l10_pct,away_season_scoring_spg,away_season_scoring_sapg,away_season_scoring_gp,away_head_to_head_games,away_head_to_head_avg_scored,away_head_to_head_avg_allowed,home_head_to_head_games,home_head_to_head_avg_scored,home_head_to_head_avg_allowed,away_common_opponents_opponents,away_common_opponents_games,away_common_opponents_wrf,away_common_opponents_wra,home_common_opponents_opponents,home_common_opponents_games,home_common_opponents_wrf,home_common_opponents_wra,final_away,final_home,actual_total,actual_margin,winner,feature_versions
2026010001,NHL,20262027,preseason,2026-09-19,2026-09-19,nhl-dal,nhl-stl,final,,,0,0,,,0.25,,,,,,,,,,,,,,,,,,,,,,,,,,,,,,,,,,,2,1,3,-1,nhl-dal,"{""common_opponents"": 1, ""games_played"": 1, ""head_to_head"": 1, ""home_advantage"": 1, ""last10_form"": 1, ""season_scoring"": 1, ""travel_km"": 1}"
2026010002,NHL,20262027,preseason,2026-09-19,2026-09-19,nhl-vgk,nhl-lak,final,,,0,0,,,0.25,,,,,,,,,,,,,,,,,,,,,,,,,,,,,,,,,,,4,2,6,-2,nhl-vgk,"{""common_opponents"": 1, ""games_played"": 1, ""head_to_head"": 1, ""home_advantage"": 1, ""last10_form"": 1, ""season_scoring"": 1, ""travel_km"": 1}"
2026010003,NHL,20262027,preseason,2026-09-19,2026-09-19,nhl-wpg,nhl-edm,final,,,0,0,,,0.25,,,,,,,,,,,,,,,,,,,,,,,,,,,,,,,,,,,2,5,7,3,nhl-edm,"{""common_opponents"": 1, ""games_played"": 1, ""head_to_head"": 1, ""home_advantage"": 1, ""last10_form"": 1, ""season_scoring"": 1, ""travel_km"": 1}"
2026010004,NHL,20262027,preseason,2026-09-19,2026-09-19,nhl-chi,nhl-min,final,,,0,0,,,0.25,,,,,,,,,,,,,,,,,,,,,,,,,,,,,,,,,,,2,3,5,1,nhl-min,"{""common_opponents"": 1, ""games_played"": 1, ""head_to_head"": 1, ""home_advantage"": 1, ""last10_form"": 1, ""season_scoring"": 1, ""travel_km"": 1}"
2026010005,NHL,20262027,preseason,2026-09-19,2026-09-19,nhl-van,nhl-sea,final,,,0,0,,,0.25,,,,,,,,,,,,,,,,,,,,,,,,,,,,,,,,,,,2,4,6,2,nhl-sea,"{""common_opponents"": 1, ""games_played"": 1, ""head_to_head"": 1, ""home_advantage"": 1, ""last10_form"": 1, ""season_scoring"": 1, ""travel_km"": 1}"
2026010006,NHL,20262027,preseason,2026-09-19,2026-09-19,nhl-mtl,nhl-tor,final,,,0,0,,,0.25,,,,,,,,,,,,,,,,,,,,,,,,,,,,,,,,,,,4,1,5,-3,nhl-mtl,"{""common_opponents"": 1, ""games_played"": 1, ""head_to_head"": 1, ""home_advantage"": 1, ""last10_form"": 1, ""season_scoring"": 1, ""travel_km"": 1}"
2026010007,NHL,20262027,preseason,2026-09-19,2026-09-19,nhl-tor,nhl-mtl,final,,,0,0,,,0.25,,,,,,,,,,,,,,,,,,,,,,,,,,,,,,,,,,,3,4,7,1,nhl-mtl,"{""common_opponents"": 1, ""games_played"": 1, ""head_to_head"": 1, ""home_advantage"": 1, ""last10_form"": 1, ""season_scoring"": 1, ""travel_km"": 1}"
2026010008,NHL,20262027,preseason,2026-09-20,2026-09-20,nhl-nyi,nhl-njd,final,,,0,0,,,0.25,,,,,,,,,,,,,,,,,,,,,,,,,,,,,,,,,,,1,2,3,1,nhl-njd,"{""common_opponents"": 1, ""games_played"": 1, ""head_to_head"": 1, ""home_advantage"": 1, ""last10_form"": 1, ""season_scoring"": 1, ""travel_km"": 1}"
2026010009,NHL,20262027,preseason,2026-09-20,2026-09-20,nhl-sjs,nhl-ana,final,,,0,0,,,0.25,,,,,,,,,,,,,,,,,,,,,,,,,,,,,,,,,,,2,6,8,4,nhl-ana,"{""common_opponents"": 1, ""games_played"": 1, ""head_to_head"": 1, ""home_advantage"": 1, ""last10_form"": 1, ""season_scoring"": 1, ""travel_km"": 1}"
2026010010,NHL,20262027,preseason,2026-09-20,2026-09-20,nhl-car,nhl-fla,final,,,0,0,,,0.25,,,,,,,,,,,,,,,,,,,,,,,,,,,,,,,,,,,3,6,9,3,nhl-fla,"{""common_opponents"": 1, ""games_played"": 1, ""head_to_head"": 1, ""home_advantage"": 1, ""last10_form"": 1, ""season_scoring"": 1, ""travel_km"": 1}"
2026010011,NHL,20262027,preseason,2026-09-20,2026-09-20,nhl-nsh,nhl-tbl,final,,,0,0,,,0.25,,,,,,,,,,,,,,,,,,,,,,,,,,,,,,,,,,,1,2,3,1,nhl-tbl,"{""common_opponents"": 1, ""games_played"": 1, ""head_to_head"": 1, ""home_advantage"": 1, ""last10_form"": 1, ""season_scoring"": 1, ""travel_km"": 1}"
2026010012,NHL,20262027,preseason,2026-09-20,2026-09-20,nhl-uta,nhl-col,final,,,0,0,,,0.25,,,,,,,,,,,,,,,,,,,,,,,,,,,,,,,,,,,1,4,5,3,nhl-col,"{""common_opponents"": 1, ""games_played"": 1, ""head_to_head"": 1, ""home_advantage"": 1, ""last10_form"": 1, ""season_scoring"": 1, ""travel_km"": 1}"
2026010013,NHL,20262027,preseason,2026-09-20,2026-09-20,nhl-wsh,nhl-bos,final,,,0,0,,,0.25,,,,,,,,,,,,,,,,,,,,,,,,,,,,,,,,,,,2,3,5,1,nhl-bos,"{""common_opponents"": 1, ""games_played"": 1, ""head_to_head"": 1, ""home_advantage"": 1, ""last10_form"": 1, ""season_scoring"": 1, ""travel_km"": 1}"
2026010014,NHL,20262027,preseason,2026-09-20,2026-09-20,nhl-sea,nhl-cgy,final,,,0,0,,,0.25,,,,,,,,,,,,,,,,,,,,,,,,,,,,,,,,,,,4,2,6,-2,nhl-sea,"{""common_opponents"": 1, ""games_played"": 1, ""head_to_head"": 1, ""home_advantage"": 1, ""last10_form"": 1, ""season_scoring"": 1, ""travel_km"": 1}"
2026010015,NHL,20262027,preseason,2026-09-21,2026-09-21,nhl-col,nhl-wpg,final,,,0,0,,,0.25,,,,,,,,,,,,,,,,,,,,,,,,,,,,,,,,,,,1,3,4,2,nhl-wpg,"{""common_opponents"": 1, ""games_played"": 1, ""head_to_head"": 1, ""home_advantage"": 1, ""last10_form"": 1, ""season_scoring"": 1, ""travel_km"": 1}"
2026010016,NHL,20262027,preseason,2026-09-21,2026-09-21,nhl-buf,nhl-pit,final,,,0,0,,,0.25,,,,,,,,,,,,,,,,,,,,,,,,,,,,,,,,,,,1,4,5,3,nhl-pit,"{""common_opponents"": 1, ""games_played"": 1, ""head_to_head"": 1, ""home_advantage"": 1, ""last10_form"": 1, ""season_scoring"": 1, ""travel_km"": 1}"
2026010017,NHL,20262027,preseason,2026-09-21,2026-09-21,nhl-det,nhl-cbj,final,,,0,0,,,0.25,,,,,,,,,,,,,,,,,,,,,,,,,,,,,,,,,,,0,1,1,1,nhl-cbj,"{""common_opponents"": 1, ""games_played"": 1, ""head_to_head"": 1, ""home_advantage"": 1, ""last10_form"": 1, ""season_scoring"": 1, ""travel_km"": 1}"
2026010018,NHL,20262027,preseason,2026-09-21,2026-09-21,nhl-min,nhl-chi,final,,,0,0,,,0.25,,,,,,,,,,,,,,,,,,,,,,,,,,,,,,,,,,,3,4,7,1,nhl-chi,"{""common_opponents"": 1, ""games_played"": 1, ""head_to_head"": 1, ""home_advantage"": 1, ""last10_form"": 1, ""season_scoring"": 1, ""travel_km"": 1}"
2026010019,NHL,20262027,preseason,2026-09-21,2026-09-21,nhl-nyr,nhl-njd,final,,,0,0,,,0.25,,,,,,,,,,,,,,,,,,,,,,,,,,,,,,,,,,,2,3,5,1,nhl-njd,"{""common_opponents"": 1, ""games_played"": 1, ""head_to_head"": 1, ""home_advantage"": 1, ""last10_form"": 1, ""season_scoring"": 1, ""travel_km"": 1}"
2026010020,NHL,20262027,preseason,2026-09-21,2026-09-21,nhl-phi,nhl-wsh,final,,,0,0,,,0.25,,,,,,,,,,,,,,,,,,,,,,,,,,,,,,,,,,,2,5,7,3,nhl-wsh,"{""common_opponents"": 1, ""games_played"": 1, ""head_to_head"": 1, ""home_advantage"": 1, ""last10_form"": 1, ""season_scoring"": 1, ""travel_km"": 1}"
2026010021,NHL,20262027,preseason,2026-09-21,2026-09-21,nhl-stl,nhl-dal,final,,,0,0,,,0.25,,,,,,,,,,,,,,,,,,,,,,,,,,,,,,,,,,,1,2,3,1,nhl-dal,"{""common_opponents"": 1, ""games_played"": 1, ""head_to_head"": 1, ""home_advantage"": 1, ""last10_form"": 1, ""season_scoring"": 1, ""travel_km"": 1}"
2026010022,NHL,20262027,preseason,2026-09-21,2026-09-21,nhl-ott,nhl-mtl,final,,,0,0,,,0.25,,,,,,,,,,,,,,,,,,,,,,,,,,,,,,,,,,,2,3,5,1,nhl-mtl,"{""common_opponents"": 1, ""games_played"": 1, ""head_to_head"": 1, ""home_advantage"": 1, ""last10_form"": 1, ""season_scoring"": 1, ""travel_km"": 1}"
2026010023,NHL,20262027,preseason,2026-09-22,2026-09-22,nhl-edm,nhl-wpg,final,,,0,0,,,0.25,,,,,,,,,,,,,,,,,,,,,,,,,,,,,,,,,,,2,1,3,-1,nhl-edm,"{""common_opponents"": 1, ""games_played"": 1, ""head_to_head"": 1, ""home_advantage"": 1, ""last10_form"": 1, ""season_scoring"": 1, ""travel_km"": 1}"
2026010024,NHL,20262027,preseason,2026-09-22,2026-09-22,nhl-cbj,nhl-buf,final,,,0,0,,,0.25,,,,,,,,,,,,,,,,,,,,,,,,,,,,,,,,,,,1,5,6,4,nhl-buf,"{""common_opponents"": 1, ""games_played"": 1, ""head_to_head"": 1, ""home_advantage"": 1, ""last10_form"": 1, ""season_scoring"": 1, ""travel_km"": 1}"
2026010025,NHL,20262027,preseason,2026-09-22,2026-09-22,nhl-det,nhl-pit,final,,,0,0,,,0.25,,,,,,,,,,,,,,,,,,,,,,,,,,,,,,,,,,,7,4,11,-3,nhl-det,"{""common_opponents"": 1, ""games_played"": 1, ""head_to_head"": 1, ""home_advantage"": 1, ""last10_form"": 1, ""season_scoring"": 1, ""travel_km"": 1}"
2026010026,NHL,20262027,preseason,2026-09-22,2026-09-22,nhl-fla,nhl-car,final,,,0,0,,,0.25,,,,,,,,,,,,,,,,,,,,,,,,,,,,,,,,,,,2,3,5,1,nhl-car,"{""common_opponents"": 1, ""games_played"": 1, ""head_to_head"": 1, ""home_advantage"": 1, ""last10_form"": 1, ""season_scoring"": 1, ""travel_km"": 1}"
2026010027,NHL,20262027,preseason,2026-09-22,2026-09-22,nhl-nyi,nhl-nyr,final,,,0,0,,,0.25,,,,,,,,,,,,,,,,,,,,,,,,,,,,,,,,,,,4,3,7,-1,nhl-nyi,"{""common_opponents"": 1, ""games_played"": 1, ""head_to_head"": 1, ""home_advantage"": 1, ""last10_form"": 1, ""season_scoring"": 1, ""travel_km"": 1}"
2026010028,NHL,20262027,preseason,2026-09-22,2026-09-22,nhl-phi,nhl-bos,final,,,0,0,,,0.25,,,,,,,,,,,,,,,,,,,,,,,,,,,,,,,,,,,1,5,6,4,nhl-bos,"{""common_opponents"": 1, ""games_played"": 1, ""head_to_head"": 1, ""home_advantage"": 1, ""last10_form"": 1, ""season_scoring"": 1, ""travel_km"": 1}"
2026010029,NHL,20262027,preseason,2026-09-22,2026-09-22,nhl-tbl,nhl-nsh,final,,,0,0,,,0.25,,,,,,,,,,,,,,,,,,,,,,,,,,,,,,,,,,,2,3,5,1,nhl-nsh,"{""common_opponents"": 1, ""games_played"": 1, ""head_to_head"": 1, ""home_advantage"": 1, ""last10_form"": 1, ""season_scoring"": 1, ""travel_km"": 1}"
2026010030,NHL,20262027,preseason,2026-09-22,2026-09-22,nhl-uta,nhl-lak,final,,,0,0,,,0.25,,,,,,,,,,,,,,,,,,,,,,,,,,,,,,,,,,,6,3,9,-3,nhl-uta,"{""common_opponents"": 1, ""games_played"": 1, ""head_to_head"": 1, ""home_advantage"": 1, ""last10_form"": 1, ""season_scoring"": 1, ""travel_km"": 1}"
2026010031,NHL,20262027,preseason,2026-09-22,2026-09-22,nhl-van,nhl-cgy,final,,,0,0,,,0.25,,,,,,,,,,,,,,,,,,,,,,,,,,,,,,,,,,,1,3,4,2,nhl-cgy,"{""common_opponents"": 1, ""games_played"": 1, ""head_to_head"": 1, ""home_advantage"": 1, ""last10_form"": 1, ""season_scoring"": 1, ""travel_km"": 1}"
2026010032,NHL,20262027,preseason,2026-09-22,2026-09-22,nhl-vgk,nhl-sjs,final,,,0,0,,,0.25,,,,,,,,,,,,,,,,,,,,,,,,,,,,,,,,,,,2,1,3,-1,nhl-vgk,"{""common_opponents"": 1, ""games_played"": 1, ""head_to_head"": 1, ""home_advantage"": 1, ""last10_form"": 1, ""season_scoring"": 1, ""travel_km"": 1}"
2026010033,NHL,20262027,preseason,2026-09-23,2026-09-23,nhl-lak,nhl-ana,final,,,0,0,,,0.25,,,,,,,,,,,,,,,,,,,,,,,,,,,,,,,,,,,2,1,3,-1,nhl-lak,"{""common_opponents"": 1, ""games_played"": 1, ""head_to_head"": 1, ""home_advantage"": 1, ""last10_form"": 1, ""season_scoring"": 1, ""travel_km"": 1}"
2026010034,NHL,20262027,preseason,2026-09-23,2026-09-23,nhl-min,nhl-dal,final,,,0,0,,,0.25,,,,,,,,,,,,,,,,,,,,,,,,,,,,,,,,,,,0,2,2,2,nhl-dal,"{""common_opponents"": 1, ""games_played"": 1, ""head_to_head"": 1, ""home_advantage"": 1, ""last10_form"": 1, ""season_scoring"": 1, ""travel_km"": 1}"
2026010035,NHL,20262027,preseason,2026-09-23,2026-09-23,nhl-ott,nhl-tor,final,,,0,0,,,0.25,,,,,,,,,,,,,,,,,,,,,,,,,,,,,,,,,,,1,6,7,5,nhl-tor,"{""common_opponents"": 1, ""games_played"": 1, ""head_to_head"": 1, ""home_advantage"": 1, ""last10_form"": 1, ""season_scoring"": 1, ""travel_km"": 1}"
2026010036,NHL,20262027,preseason,2026-09-23,2026-09-23,nhl-tor,nhl-ott,final,,,0,0,,,0.25,,,,,,,,,,,,,,,,,,,,,,,,,,,,,,,,,,,4,2,6,-2,nhl-tor,"{""common_opponents"": 1, ""games_played"": 1, ""head_to_head"": 1, ""home_advantage"": 1, ""last10_form"": 1, ""season_scoring"": 1, ""travel_km"": 1}"
2026010037,NHL,20262027,preseason,2026-09-24,2026-09-24,nhl-edm,nhl-van,final,,,0,0,,,0.25,,,,,,,,,,,,,,,,,,,,,,,,,,,,,,,,,,,2,1,3,-1,nhl-edm,"{""common_opponents"": 1, ""games_played"": 1, ""head_to_head"": 1, ""home_advantage"": 1, ""last10_form"": 1, ""season_scoring"": 1, ""travel_km"": 1}"
2026010038,NHL,20262027,preseason,2026-09-24,2026-09-24,nhl-cgy,nhl-sea,final,,,0,0,,,0.25,,,,,,,,,,,,,,,,,,,,,,,,,,,,,,,,,,,3,4,7,1,nhl-sea,"{""common_opponents"": 1, ""games_played"": 1, ""head_to_head"": 1, ""home_advantage"": 1, ""last10_form"": 1, ""season_scoring"": 1, ""travel_km"": 1}"
2026010039,NHL,20262027,preseason,2026-09-24,2026-09-24,nhl-ana,nhl-sjs,final,,,0,0,,,0.25,,,,,,,,,,,,,,,,,,,,,,,,,,,,,,,,,,,0,10,10,10,nhl-sjs,"{""common_opponents"": 1, ""games_played"": 1, ""head_to_head"": 1, ""home_advantage"": 1, ""last10_form"": 1, ""season_scoring"": 1, ""travel_km"": 1}"
2026010040,NHL,20262027,preseason,2026-09-24,2026-09-24,nhl-bos,nhl-phi,final,,,0,0,,,0.25,,,,,,,,,,,,,,,,,,,,,,,,,,,,,,,,,,,0,2,2,2,nhl-phi,"{""common_opponents"": 1, ""games_played"": 1, ""head_to_head"": 1, ""home_advantage"": 1, ""last10_form"": 1, ""season_scoring"": 1, ""travel_km"": 1}"
2026010041,NHL,20262027,preseason,2026-09-24,2026-09-24,nhl-buf,nhl-det,final,,,0,0,,,0.25,,,,,,,,,,,,,,,,,,,,,,,,,,,,,,,,,,,2,3,5,1,nhl-det,"{""common_opponents"": 1, ""games_played"": 1, ""head_to_head"": 1, ""home_advantage"": 1, ""last10_form"": 1, ""season_scoring"": 1, ""travel_km"": 1}"
2026010042,NHL,20262027,preseason,2026-09-24,2026-09-24,nhl-chi,nhl-stl,final,,,0,0,,,0.25,,,,,,,,,,,,,,,,,,,,,,,,,,,,,,,,,,,0,1,1,1,nhl-stl,"{""common_opponents"": 1, ""games_played"": 1, ""head_to_head"": 1, ""home_advantage"": 1, ""last10_form"": 1, ""season_scoring"": 1, ""travel_km"": 1}"
2026010043,NHL,20262027,preseason,2026-09-24,2026-09-24,nhl-fla,nhl-tbl,final,,,0,0,,,0.25,,,,,,,,,,,,,,,,,,,,,,,,,,,,,,,,,,,5,3,8,-2,nhl-fla,"{""common_opponents"": 1, ""games_played"": 1, ""head_to_head"": 1, ""home_advantage"": 1, ""last10_form"": 1, ""season_scoring"": 1, ""travel_km"": 1}"
2026010044,NHL,20262027,preseason,2026-09-24,2026-09-24,nhl-nsh,nhl-car,final,,,0,0,,,0.25,,,,,,,,,,,,,,,,,,,,,,,,,,,,,,,,,,,5,6,11,1,nhl-car,"{""common_opponents"": 1, ""games_played"": 1, ""head_to_head"": 1, ""home_advantage"": 1, ""last10_form"": 1, ""season_scoring"": 1, ""travel_km"": 1}"
2026010045,NHL,20262027,preseason,2026-09-24,2026-09-24,nhl-njd,nhl-nyr,final,,,0,0,,,0.25,,,,,,,,,,,,,,,,,,,,,,,,,,,,,,,,,,,3,4,7,1,nhl-nyr,"{""common_opponents"": 1, ""games_played"": 1, ""head_to_head"": 1, ""home_advantage"": 1, ""last10_form"": 1, ""season_scoring"": 1, ""travel_km"": 1}"
2026010046,NHL,20262027,preseason,2026-09-24,2026-09-24,nhl-pit,nhl-cbj,final,,,0,0,,,0.25,,,,,,,,,,,,,,,,,,,,,,,,,,,,,,,,,,,0,4,4,4,nhl-cbj,"{""common_opponents"": 1, ""games_played"": 1, ""head_to_head"": 1, ""home_advantage"": 1, ""last10_form"": 1, ""season_scoring"": 1, ""travel_km"": 1}"
2026010047,NHL,20262027,preseason,2026-09-24,2026-09-24,nhl-uta,nhl-vgk,final,,,0,0,,,0.25,,,,,,,,,,,,,,,,,,,,,,,,,,,,,,,,,,,4,5,9,1,nhl-vgk,"{""common_opponents"": 1, ""games_played"": 1, ""head_to_head"": 1, ""home_advantage"": 1, ""last10_form"": 1, ""season_scoring"": 1, ""travel_km"": 1}"
2026010048,NHL,20262027,preseason,2026-09-25,2026-09-25,nhl-wpg,nhl-col,final,,,0,0,,,0.25,,,,,,,,,,,,,,,,,,,,,,,,,,,,,,,,,,,2,5,7,3,nhl-col,"{""common_opponents"": 1, ""games_played"": 1, ""head_to_head"": 1, ""home_advantage"": 1, ""last10_form"": 1, ""season_scoring"": 1, ""travel_km"": 1}"
2026010049,NHL,20262027,preseason,2026-09-25,2026-09-25,nhl-bos,nhl-wsh,final,,,0,0,,,0.25,,,,,,,,,,,,,,,,,,,,,,,,,,,,,,,,,,,2,3,5,1,nhl-wsh,"{""common_opponents"": 1, ""games_played"": 1, ""head_to_head"": 1, ""home_advantage"": 1, ""last10_form"": 1, ""season_scoring"": 1, ""travel_km"": 1}"
2026010050,NHL,20262027,preseason,2026-09-25,2026-09-25,nhl-dal,nhl-min,final,,,0,0,,,0.25,,,,,,,,,,,,,,,,,,,,,,,,,,,,,,,,,,,2,1,3,-1,nhl-dal,"{""common_opponents"": 1, ""games_played"": 1, ""head_to_head"": 1, ""home_advantage"": 1, ""last10_form"": 1, ""season_scoring"": 1, ""travel_km"": 1}"
2026010051,NHL,20262027,preseason,2026-09-25,2026-09-25,nhl-nyr,nhl-nyi,final,,,0,0,,,0.25,,,,,,,,,,,,,,,,,,,,,,,,,,,,,,,,,,,6,1,7,-5,nhl-nyr,"{""common_opponents"": 1, ""games_played"": 1, ""head_to_head"": 1, ""home_advantage"": 1, ""last10_form"": 1, ""season_scoring"": 1, ""travel_km"": 1}"
2026010052,NHL,20262027,preseason,2026-09-26,2026-09-26,nhl-ana,nhl-lak,final,,,0,0,,,0.25,,,,,,,,,,,,,,,,,,,,,,,,,,,,,,,,,,,2,6,8,4,nhl-lak,"{""common_opponents"": 1, ""games_played"": 1, ""head_to_head"": 1, ""home_advantage"": 1, ""last10_form"": 1, ""season_scoring"": 1, ""travel_km"": 1}"
2026010053,NHL,20262027,preseason,2026-09-26,2026-09-26,nhl-car,nhl-nsh,final,,,0,0,,,0.25,,,,,,,,,,,,,,,,,,,,,,,,,,,,,,,,,,,6,0,6,-6,nhl-car,"{""common_opponents"": 1, ""games_played"": 1, ""head_to_head"": 1, ""home_advantage"": 1, ""last10_form"": 1, ""season_scoring"": 1, ""travel_km"": 1}"
2026010054,NHL,20262027,preseason,2026-09-26,2026-09-26,nhl-col,nhl-uta,final,,,0,0,,,0.25,,,,,,,,,,,,,,,,,,,,,,,,,,,,,,,,,,,0,2,2,2,nhl-uta,"{""common_opponents"": 1, ""games_played"": 1, ""head_to_head"": 1, ""home_advantage"": 1, ""last10_form"": 1, ""season_scoring"": 1, ""travel_km"": 1}"
2026010055,NHL,20262027,preseason,2026-09-26,2026-09-26,nhl-pit,nhl-buf,final,,,0,0,,,0.25,,,,,,,,,,,,,,,,,,,,,,,,,,,,,,,,,,,3,1,4,-2,nhl-pit,"{""common_opponents"": 1, ""games_played"": 1, ""head_to_head"": 1, ""home_advantage"": 1, ""last10_form"": 1, ""season_scoring"": 1, ""travel_km"": 1}"
2026010056,NHL,20262027,preseason,2026-09-26,2026-09-26,nhl-sea,nhl-van,final,,,0,0,,,0.25,,,,,,,,,,,,,,,,,,,,,,,,,,,,,,,,,,,3,4,7,1,nhl-van,"{""common_opponents"": 1, ""games_played"": 1, ""head_to_head"": 1, ""home_advantage"": 1, ""last10_form"": 1, ""season_scoring"": 1, ""travel_km"": 1}"
2026010057,NHL,20262027,preseason,2026-09-26,2026-09-26,nhl-wsh,nhl-phi,final,,,0,0,,,0.25,,,,,,,,,,,,,,,,,,,,,,,,,,,,,,,,,,,5,1,6,-4,nhl-wsh,"{""common_opponents"": 1, ""games_played"": 1, ""head_to_head"": 1, ""home_advantage"": 1, ""last10_form"": 1, ""season_scoring"": 1, ""travel_km"": 1}"
2026010058,NHL,20262027,preseason,2026-09-26,2026-09-26,nhl-stl,nhl-chi,final,,,0,0,,,0.25,,,,,,,,,,,,,,,,,,,,,,,,,,,,,,,,,,,2,3,5,1,nhl-chi,"{""common_opponents"": 1, ""games_played"": 1, ""head_to_head"": 1, ""home_advantage"": 1, ""last10_form"": 1, ""season_scoring"": 1, ""travel_km"": 1}"
2026010059,NHL,20262027,preseason,2026-09-26,2026-09-26,nhl-tbl,nhl-fla,final,,,0,0,,,0.25,,,,,,,,,,,,,,,,,,,,,,,,,,,,,,,,,,,3,2,5,-1,nhl-tbl,"{""common_opponents"": 1, ""games_played"": 1, ""head_to_head"": 1, ""home_advantage"": 1, ""last10_form"": 1, ""season_scoring"": 1, ""travel_km"": 1}"
2026010060,NHL,20262027,preseason,2026-09-26,2026-09-26,nhl-cgy,nhl-edm,final,,,0,0,,,0.25,,,,,,,,,,,,,,,,,,,,,,,,,,,,,,,,,,,1,4,5,3,nhl-edm,"{""common_opponents"": 1, ""games_played"": 1, ""head_to_head"": 1, ""home_advantage"": 1, ""last10_form"": 1, ""season_scoring"": 1, ""travel_km"": 1}"
2026010061,NHL,20262027,preseason,2026-09-26,2026-09-26,nhl-cbj,nhl-det,final,,,0,0,,,0.25,,,,,,,,,,,,,,,,,,,,,,,,,,,,,,,,,,,4,2,6,-2,nhl-cbj,"{""common_opponents"": 1, ""games_played"": 1, ""head_to_head"": 1, ""home_advantage"": 1, ""last10_form"": 1, ""season_scoring"": 1, ""travel_km"": 1}"
2026010062,NHL,20262027,preseason,2026-09-26,2026-09-26,nhl-njd,nhl-nyi,final,,,0,0,,,0.25,,,,,,,,,,,,,,,,,,,,,,,,,,,,,,,,,,,4,1,5,-3,nhl-njd,"{""common_opponents"": 1, ""games_played"": 1, ""head_to_head"": 1, ""home_advantage"": 1, ""last10_form"": 1, ""season_scoring"": 1, ""travel_km"": 1}"
2026010063,NHL,20262027,preseason,2026-09-26,2026-09-26,nhl-sjs,nhl-vgk,final,,,0,0,,,0.25,,,,,,,,,,,,,,,,,,,,,,,,,,,,,,,,,,,4,2,6,-2,nhl-sjs,"{""common_opponents"": 1, ""games_played"": 1, ""head_to_head"": 1, ""home_advantage"": 1, ""last10_form"": 1, ""season_scoring"": 1, ""travel_km"": 1}"
2026010064,NHL,20262027,preseason,2026-09-26,2026-09-26,nhl-mtl,nhl-ott,final,,,0,0,,,0.25,,,,,,,,,,,,,,,,,,,,,,,,,,,,,,,,,,,3,4,7,1,nhl-ott,"{""common_opponents"": 1, ""games_played"": 1, ""head_to_head"": 1, ""home_advantage"": 1, ""last10_form"": 1, ""season_scoring"": 1, ""travel_km"": 1}"
2026010065,NHL,20262027,preseason,2026-09-26,2026-09-26,nhl-ott,nhl-mtl,final,,,0,0,,,0.25,,,,,,,,,,,,,,,,,,,,,,,,,,,,,,,,,,,2,4,6,2,nhl-mtl,"{""common_opponents"": 1, ""games_played"": 1, ""head_to_head"": 1, ""home_advantage"": 1, ""last10_form"": 1, ""season_scoring"": 1, ""travel_km"": 1}"
2026020001,NHL,20262027,regular,2026-09-29,2026-09-29,nhl-fla,nhl-car,final,,,0,0,,,0.25,,,,,,,,,,,,,,,,,,,,,,,,,,,,,,,,,,,1,0,1,-1,nhl-fla,"{""common_opponents"": 1, ""games_played"": 1, ""head_to_head"": 1, ""home_advantage"": 1, ""last10_form"": 1, ""season_scoring"": 1, ""travel_km"": 1}"
2026020002,NHL,20262027,regular,2026-09-29,2026-09-29,nhl-mtl,nhl-tor,final,,,0,0,,,0.25,,,,,,,,,,,,,,,,,,,,,,,,,,,,,,,,,,,3,2,5,-1,nhl-mtl,"{""common_opponents"": 1, ""games_played"": 1, ""head_to_head"": 1, ""home_advantage"": 1, ""last10_form"": 1, ""season_scoring"": 1, ""travel_km"": 1}"
2026020003,NHL,20262027,regular,2026-09-29,2026-09-29,nhl-nyr,nhl-bos,final,,,0,0,,,0.25,,,,,,,,,,,,,,,,,,,,,,,,,,,,,,,,,,,0,3,3,3,nhl-bos,"{""common_opponents"": 1, ""games_played"": 1, ""head_to_head"": 1, ""home_advantage"": 1, ""last10_form"": 1, ""season_scoring"": 1, ""travel_km"": 1}"
2026020004,NHL,20262027,regular,2026-09-29,2026-09-29,nhl-van,nhl-edm,final,,,0,0,,,0.25,,,,,,,,,,,,,,,,,,,,,,,,,,,,,,,,,,,6,5,11,-1,nhl-van,"{""common_opponents"": 1, ""games_played"": 1, ""head_to_head"": 1, ""home_advantage"": 1, ""last10_form"": 1, ""season_scoring"": 1, ""travel_km"": 1}"
2026020005,NHL,20262027,regular,2026-09-29,2026-09-29,nhl-chi,nhl-vgk,final,,,0,0,,,0.25,,,,,,,,,,,,,,,,,,,,,,,,,,,,,,,,,,,2,5,7,3,nhl-vgk,"{""common_opponents"": 1, ""games_played"": 1, ""head_to_head"": 1, ""home_advantage"": 1, ""last10_form"": 1, ""season_scoring"": 1, ""travel_km"": 1}"
2026020006,NHL,20262027,regular,2026-09-30,2026-09-30,nhl-pit,nhl-phi,final,,,0,0,,,0.25,,,,,,,,,,,,,,,,,,,,,,,,,,,,,,,,,,,7,0,7,-7,nhl-pit,"{""common_opponents"": 1, ""games_played"": 1, ""head_to_head"": 1, ""home_advantage"": 1, ""last10_form"": 1, ""season_scoring"": 1, ""travel_km"": 1}"
2026020007,NHL,20262027,regular,2026-09-30,2026-09-30,nhl-lak,nhl-col,final,,,0,0,,,0.25,,,,,,,,,,,,,,,,,,,,,,,,,,,,,,,,,,,4,8,12,4,nhl-col,"{""common_opponents"": 1, ""games_played"": 1, ""head_to_head"": 1, ""home_advantage"": 1, ""last10_form"": 1, ""season_scoring"": 1, ""travel_km"": 1}"
2026020008,NHL,20262027,regular,2026-09-30,2026-09-30,nhl-nyi,nhl-tor,final,,,0,1,,,0.25,,,,,,0.0,0,1,0,0.0,2.0,3.0,1,,,,,,,,,,,,,,,,,,,,,,1,2,3,1,nhl-tor,"{""common_opponents"": 1, ""games_played"": 1, ""head_to_head"": 1, ""home_advantage"": 1, ""last10_form"": 1, ""season_scoring"": 1, ""travel_km"": 1}"
2026020009,NHL,20262027,regular,2026-10-01,2026-10-01,nhl-phi,nhl-njd,final,,,1,0,,,0.25,,,,,125.6,,,,,,,,,0,1,0,0.0,0.0,7.0,1,,,,,,,,,,,,,,,2,3,5,1,nhl-njd,"{""common_opponents"": 1, ""games_played"": 1, ""head_to_head"": 1, ""home_advantage"": 1, ""last10_form"": 1, ""season_scoring"": 1, ""travel_km"": 1}"
2026020010,NHL,20262027,regular,2026-10-01,2026-10-01,nhl-tbl,nhl-nyr,final,,,0,1,,,0.25,,,,,,302.9,0,1,0,0.0,0.0,3.0,1,,,,,,,,,,,,,,,,,,,,,,1,5,6,4,nhl-nyr,"{""common_opponents"": 1, ""games_played"": 1, ""head_to_head"": 1, ""home_advantage"": 1, ""last10_form"": 1, ""season_scoring"": 1, ""travel_km"": 1}"
2026020011,NHL,20262027,regular,2026-10-01,2026-10-01,nhl-buf,nhl-cbj,final,,,0,0,,,0.25,,,,,,,,,,,,,,,,,,,,,,,,,,,,,,,,,,,3,6,9,3,nhl-cbj,"{""common_opponents"": 1, ""games_played"": 1, ""head_to_head"": 1, ""home_advantage"": 1, ""last10_form"": 1, ""season_scoring"": 1, ""travel_km"": 1}"
2026020012,NHL,20262027,regular,2026-10-01,2026-10-01,nhl-min,nhl-nsh,final,,,0,0,,,0.25,,,,,,,,,,,,,,,,,,,,,,,,,,,,,,,,,,,3,1,4,-2,nhl-min,"{""common_opponents"": 1, ""games_played"": 1, ""head_to_head"": 1, ""home_advantage"": 1, ""last10_form"": 1, ""season_scoring"": 1, ""travel_km"": 1}"
2026020013,NHL,20262027,regular,2026-10-01,2026-10-01,nhl-chi,nhl-uta,final,,,1,0,,,0.25,,,,,592.0,,,,,,,,,0,1,0,0.0,2.0,5.0,1,,,,,,,,,,,,,,,0,6,6,6,nhl-uta,"{""common_opponents"": 1, ""games_played"": 1, ""head_to_head"": 1, ""home_advantage"": 1, ""last10_form"": 1, ""season_scoring"": 1, ""travel_km"": 1}"
2026020014,NHL,20262027,regular,2026-10-01,2026-10-01,nhl-sea,nhl-cgy,final,,,0,0,,,0.25,,,,,,,,,,,,,,,,,,,,,,,,,,,,,,,,,,,6,1,7,-5,nhl-sea,"{""common_opponents"": 1, ""games_played"": 1, ""head_to_head"": 1, ""home_advantage"": 1, ""last10_form"": 1, ""season_scoring"": 1, ""travel_km"": 1}"
2026020015,NHL,20262027,regular,2026-10-01,2026-10-01,nhl-edm,nhl-van,final,,,1,1,,,0.25,,,,,817.2,817.2,1,0,0,1.0,6.0,5.0,1,0,0,1,0.5,5.0,6.0,1,1,5.0,6.0,1,6.0,5.0,,,,,,,,,9,7,16,-2,nhl-edm,"{""common_opponents"": 1, ""games_played"": 1, ""head_to_head"": 1, ""home_advantage"": 1, ""last10_form"": 1, ""season_scoring"": 1, ""travel_km"": 1}"
2026020016,NHL,20262027,regular,2026-10-01,2026-10-01,nhl-fla,nhl-sjs,final,,,1,0,,,0.25,,,,,3826.1,,,,,,,,,1,0,0,1.0,1.0,0.0,1,,,,,,,,,,,,,,,3,4,7,1,nhl-sjs,"{""common_opponents"": 1, ""games_played"": 1, ""head_to_head"": 1, ""home_advantage"": 1, ""last10_form"": 1, ""season_scoring"": 1, ""travel_km"": 1}"
2026020017,NHL,20262027,regular,2026-10-02,2026-10-02,nhl-nyr,nhl-det,final,,,2,0,,,0.25,,,,,774.2,,,,,,,,,1,1,0,0.5,2.5,2.0,2,,,,,,,,,,,,,,,2,0,2,-2,nhl-nyr,"{""common_opponents"": 1, ""games_played"": 1, ""head_to_head"": 1, ""home_advantage"": 1, ""last10_form"": 1, ""season_scoring"": 1, ""travel_km"": 1}"
2026020018,NHL,20262027,regular,2026-10-02,2026-10-02,nhl-wsh,nhl-car,final,,,0,1,,,0.25,,,,,,0.0,0,0,1,0.5,0.0,1.0,1,,,,,,,,,,,,,,,,,,,,,,5,2,7,-3,nhl-wsh,"{""common_opponents"": 1, ""games_played"": 1, ""head_to_head"": 1, ""home_advantage"": 1, ""last10_form"": 1, ""season_scoring"": 1, ""travel_km"": 1}"
2026020019,NHL,20262027,regular,2026-10-02,2026-10-02,nhl-bos,nhl-wpg,final,,,1,0,,,0.25,,,,,2163.1,,,,,,,,,1,0,0,1.0,3.0,0.0,1,,,,,,,,,,,,,,,4,3,7,-1,nhl-bos,"{""common_opponents"": 1, ""games_played"": 1, ""head_to_head"": 1, ""home_advantage"": 1, ""last10_form"": 1, ""season_scoring"": 1, ""travel_km"": 1}"
2026020020,NHL,20262027,regular,2026-10-02,2026-10-02,nhl-stl,nhl-dal,final,,,0,0,,,0.25,,,,,,,,,,,,,,,,,,,,,,,,,,,,,,,,,,,4,0,4,-4,nhl-stl,"{""common_opponents"": 1, ""games_played"": 1, ""head_to_head"": 1, ""home_advantage"": 1, ""last10_form"": 1, ""season_scoring"": 1, ""travel_km"": 1}"
2026020021,NHL,20262027,regular,2026-10-02,2026-10-02,nhl-ana,nhl-vgk,final,,,0,1,,,0.25,,,,,,0.0,1,0,0,1.0,5.0,2.0,1,,,,,,,,,,,,,,,,,,,,,,4,3,7,-1,nhl-ana,"{""common_opponents"": 1, ""games_played"": 1, ""head_to_head"": 1, ""home_advantage"": 1, ""last10_form"": 1, ""season_scoring"": 1, ""travel_km"": 1}"
2026020022,NHL,20262027,regular,2026-10-03,2026-10-03,nhl-chi,nhl-buf,final,,,2,1,,,0.25,,,,,2729.0,472.1,0,1,0,0.0,3.0,6.0,1,0,2,0,0.0,1.0,5.5,2,,,,,,,,,,,,,,,3,4,7,1,nhl-buf,"{""common_opponents"": 1, ""games_played"": 1, ""head_to_head"": 1, ""home_advantage"": 1, ""last10_form"": 1, ""season_scoring"": 1, ""travel_km"": 1}"
2026020023,NHL,20262027,regular,2026-10-03,2026-10-03,nhl-ott,nhl-tor,final,,,0,2,,,0.25,,,,,,0.0,1,1,0,0.5,2.0,2.0,2,,,,,,,,,,,,,,,,,,,,,,3,2,5,-1,nhl-ott,"{""common_opponents"": 1, ""games_played"": 1, ""head_to_head"": 1, ""home_advantage"": 1, ""last10_form"": 1, ""season_scoring"": 1, ""travel_km"": 1}"
2026020024,NHL,20262027,regular,2026-10-03,2026-10-03,nhl-wsh,nhl-tbl,final,,,1,1,,,0.25,,,,,942.1,1620.1,0,1,0,0.0,1.0,5.0,1,1,0,0,1.0,5.0,2.0,1,,,,,,,,,,,,,,,1,3,4,2,nhl-tbl,"{""common_opponents"": 1, ""games_played"": 1, ""head_to_head"": 1, ""home_advantage"": 1, ""last10_form"": 1, ""season_scoring"": 1, ""travel_km"": 1}"
2026020025,NHL,20262027,regular,2026-10-03,2026-10-03,nhl-car,nhl-phi,final,,,2,2,,,0.25,,,,,551.9,125.6,0,1,1,0.25,1.0,5.0,2,0,1,1,0.25,1.0,3.0,2,,,,,,,,,,,,,,,3,2,5,-1,nhl-car,"{""common_opponents"": 1, ""games_played"": 1, ""head_to_head"": 1, ""home_advantage"": 1, ""last10_form"": 1, ""season_scoring"": 1, ""travel_km"": 1}"
2026020026,NHL,20262027,regular,2026-10-03,2026-10-03,nhl-mtl,nhl-pit,final,,,1,1,,,0.25,,,,,359.8,413.6,1,0,0,1.0,7.0,0.0,1,1,0,0,1.0,3.0,2.0,1,,,,,,,,,,,,,,,5,6,11,1,nhl-pit,"{""common_opponents"": 1, ""games_played"": 1, ""head_to_head"": 1, ""home_advantage"": 1, ""last10_form"": 1, ""season_scoring"": 1, ""travel_km"": 1}"
2026020027,NHL,20262027,regular,2026-10-03,2026-10-03,nhl-uta,nhl-cbj,final,,,1,1,,,0.25,,,,,2438.5,0.0,1,0,0,1.0,6.0,3.0,1,1,0,0,1.0,6.0,0.0,1,,,,,,,,,,,,,,,4,1,5,-3,nhl-uta,"{""common_opponents"": 1, ""games_played"": 1, ""head_to_head"": 1, ""home_advantage"": 1, ""last10_form"": 1, ""season_scoring"": 1, ""travel_km"": 1}"
2026020028,NHL,20262027,regular,2026-10-03,2026-10-03,nhl-sea,nhl-edm,final,,,1,2,,,0.25,,,,,281.6,817.2,1,0,1,0.75,7.0,6.5,2,1,0,0,1.0,6.0,1.0,1,,,,,,,,,,,,,,,1,3,4,2,nhl-edm,"{""common_opponents"": 1, ""games_played"": 1, ""head_to_head"": 1, ""home_advantage"": 1, ""last10_form"": 1, ""season_scoring"": 1, ""travel_km"": 1}"
2026020029,NHL,20262027,regular,2026-10-03,2026-10-03,nhl-njd,nhl-nyi,final,,,1,1,,,0.25,,,,,37.5,568.2,0,1,0,0.0,1.0,2.0,1,1,0,0,1.0,3.0,2.0,1,,,,,,,,,,,,,,,0,6,6,6,nhl-nyi,"{""common_opponents"": 1, ""games_played"": 1, ""head_to_head"": 1, ""home_advantage"": 1, ""last10_form"": 1, ""season_scoring"": 1, ""travel_km"": 1}"
2026020030,NHL,20262027,regular,2026-10-03,2026-10-03,nhl-dal,nhl-nsh,final,,,1,1,,,0.25,,,,,992.3,0.0,0,1,0,0.0,1.0,3.0,1,0,1,0,0.0,0.0,4.0,1,,,,,,,,,,,,,,,1,2,3,1,nhl-nsh,"{""common_opponents"": 1, ""games_played"": 1, ""head_to_head"": 1, ""home_advantage"": 1, ""last10_form"": 1, ""season_scoring"": 1, ""travel_km"": 1}"
2026020031,NHL,20262027,regular,2026-10-03,2026-10-03,nhl-bos,nhl-min,final,,,2,1,,,0.25,,,,,628.4,1112.5,1,0,0,1.0,3.0,1.0,1,2,0,0,1.0,3.5,1.5,2,,,,,,,,,,,,,,,1,4,5,3,nhl-min,"{""common_opponents"": 1, ""games_played"": 1, ""head_to_head"": 1, ""home_advantage"": 1, ""last10_form"": 1, ""season_scoring"": 1, ""travel_km"": 1}"
2026020032,NHL,20262027,regular,2026-10-03,2026-10-03,nhl-stl,nhl-col,final,,,1,1,,,0.25,,,,,1066.1,0.0,1,0,0,1.0,8.0,4.0,1,1,0,0,1.0,4.0,0.0,1,,,,,,,,,,,,,,,1,6,7,5,nhl-col,"{""common_opponents"": 1, ""games_played"": 1, ""head_to_head"": 1, ""home_advantage"": 1, ""last10_form"": 1, ""season_scoring"": 1, ""travel_km"": 1}"
2026020033,NHL,20262027,regular,2026-10-03,2026-10-03,nhl-cgy,nhl-van,final,,,1,2,,,0.25,,,,,673.7,0.0,1,1,0,0.5,6.5,7.0,2,0,1,0,0.0,1.0,6.0,1,,,,,,,,,,,,,,,1,4,5,3,nhl-van,"{""common_opponents"": 1, ""games_played"": 1, ""head_to_head"": 1, ""home_advantage"": 1, ""last10_form"": 1, ""season_scoring"": 1, ""travel_km"": 1}"
2026020034,NHL,20262027,regular,2026-10-03,2026-10-03,nhl-lak,nhl-sjs,final,,,1,1,,,0.25,,,,,1491.3,0.0,1,0,0,1.0,4.0,3.0,1,0,1,0,0.0,4.0,8.0,1,,,,,,,,,,,,,,,4,5,9,1,nhl-sjs,"{""common_opponents"": 1, ""games_played"": 1, ""head_to_head"": 1, ""home_advantage"": 1, ""last10_form"": 1, ""season_scoring"": 1, ""travel_km"": 1}"
2026020035,NHL,20262027,regular,2026-10-04,2026-10-04,nhl-wpg,nhl-det,final,,,1,1,,,0.25,,,,,1368.9,0.0,0,1,0,0.0,0.0,2.0,1,0,0,1,0.5,3.0,4.0,1,,,,,,,,,,,,,,,3,2,5,-1,nhl-wpg,"{""common_opponents"": 1, ""games_played"": 1, ""head_to_head"": 1, ""home_advantage"": 1, ""last10_form"": 1, ""season_scoring"": 1, ""travel_km"": 1}"
2026020036,NHL,20262027,regular,2026-10-04,2026-10-04,nhl-uta,nhl-nyr,final,,,2,3,,,0.25,,,,,768.2,774.2,2,1,0,0.6667,2.3333,1.3333,3,2,0,0,1.0,5.0,0.5,2,,,,,,,,,,,,,,,2,4,6,2,nhl-nyr,"{""common_opponents"": 1, ""games_played"": 1, ""head_to_head"": 1, ""home_advantage"": 1, ""last10_form"": 1, ""season_scoring"": 1, ""travel_km"": 1}"
2026020037,NHL,20262027,regular,2026-10-04,2026-10-04,nhl-fla,nhl-ana,final,,,2,1,,,0.25,,,,,534.8,354.4,1,0,0,1.0,4.0,3.0,1,1,0,1,0.75,2.0,2.0,2,,,,,,,,,,,,,,,2,3,5,1,nhl-ana,"{""common_opponents"": 1, ""games_played"": 1, ""head_to_head"": 1, ""home_advantage"": 1, ""last10_form"": 1, ""season_scoring"": 1, ""travel_km"": 1}"
2026020038,NHL,20262027,regular,2026-10-04,2026-10-04,nhl-cgy,nhl-sea,final,,,2,2,,,0.25,,,,,192.3,907.0,1,1,0,0.5,3.5,2.0,2,0,2,0,0.0,1.0,5.0,2,1,1.0,6.0,1,6.0,1.0,,,,,,,,,1,6,7,5,nhl-sea,"{""common_opponents"": 1, ""games_played"": 1, ""head_to_head"": 1, ""home_advantage"": 1, ""last10_form"": 1, ""season_scoring"": 1, ""travel_km"": 1}"
2026020039,NHL,20262027,regular,2026-10-04,2026-10-04,nhl-vgk,nhl-van,final,,,2,3,,,0.25,,,,,1599.8,0.0,2,1,0,0.6667,5.6667,5.0,3,1,1,0,0.5,4.0,3.0,2,,,,,,,,,,,,,,,3,2,5,-1,nhl-vgk,"{""common_opponents"": 1, ""games_played"": 1, ""head_to_head"": 1, ""home_advantage"": 1, ""last10_form"": 1, ""season_scoring"": 1, ""travel_km"": 1}"
2026020040,NHL,20262027,regular,2026-10-05,2026-10-05,nhl-phi,nhl-tbl,final,,,3,2,,,0.25,,,,,1488.4,0.0,1,1,0,0.5,2.0,3.0,2,0,1,2,0.3333,1.3333,4.3333,3,,,,,,,,,,,,,,,1,4,5,3,nhl-tbl,"{""common_opponents"": 1, ""games_played"": 1, ""head_to_head"": 1, ""home_advantage"": 1, ""last10_form"": 1, ""season_scoring"": 1, ""travel_km"": 1}"
2026020041,NHL,20262027,regular,2026-10-05,2026-10-05,nhl-ott,nhl-bos,final,,,1,3,,,0.25,,,,,690.7,1790.3,2,1,0,0.6667,2.6667,2.3333,3,1,0,0,1.0,3.0,2.0,1,,,,,,,,,,,,,,,4,1,5,-3,nhl-ott,"{""common_opponents"": 1, ""games_played"": 1, ""head_to_head"": 1, ""home_advantage"": 1, ""last10_form"": 1, ""season_scoring"": 1, ""travel_km"": 1}"
2026020042,NHL,20262027,regular,2026-10-05,2026-10-05,nhl-wpg,nhl-pit,final,,,2,2,,,0.25,,,,,331.8,0.0,2,0,0,1.0,6.5,2.5,2,1,0,1,0.75,3.0,3.0,2,,,,,,,,,,,,,,,3,2,5,-1,nhl-wpg,"{""common_opponents"": 1, ""games_played"": 1, ""head_to_head"": 1, ""home_advantage"": 1, ""last10_form"": 1, ""season_scoring"": 1, ""travel_km"": 1}"
2026020043,NHL,20262027,regular,2026-10-05,2026-10-05,nhl-sjs,nhl-dal,final,,,2,2,,,0.25,,,,,2331.5,992.3,0,2,0,0.0,0.5,3.0,2,2,0,0,1.0,4.5,3.5,2,,,,,,,,,,,,,,,0,5,5,5,nhl-dal,"{""common_opponents"": 1, ""games_played"": 1, ""head_to_head"": 1, ""home_advantage"": 1, ""last10_form"": 1, ""season_scoring"": 1, ""travel_km"": 1}"
2026020044,NHL,20262027,regular,2026-10-06,2026-10-06,nhl-nsh,nhl-tor,final,,,2,3,,,0.25,,,,,1043.5,0.0,1,2,0,0.3333,2.0,2.3333,3,1,1,0,0.5,1.5,2.0,2,,,,,,,,,,,,,,,4,5,9,1,nhl-tor,"{""common_opponents"": 1, ""games_played"": 1, ""head_to_head"": 1, ""home_advantage"": 1, ""last10_form"": 1, ""season_scoring"": 1, ""travel_km"": 1}"
2026020045,NHL,20262027,regular,2026-10-06,2026-10-06,nhl-car,nhl-mtl,final,,,3,2,,,0.25,,,,,635.7,767.0,1,0,1,0.75,4.0,4.0,2,1,1,1,0.5,1.6667,2.6667,3,,,,,,,,,,,,,,,6,4,10,-2,nhl-car,"{""common_opponents"": 1, ""games_played"": 1, ""head_to_head"": 1, ""home_advantage"": 1, ""last10_form"": 1, ""season_scoring"": 1, ""travel_km"": 1}"
2026020046,NHL,20262027,regular,2026-10-06,2026-10-06,nhl-ott,nhl-det,final,,,2,2,,,0.25,,,,,984.7,0.0,0,2,0,0.0,1.0,2.5,2,2,0,0,1.0,3.5,1.5,2,,,,,,,,,,,,,,,3,5,8,2,nhl-det,"{""common_opponents"": 1, ""games_played"": 1, ""head_to_head"": 1, ""home_advantage"": 1, ""last10_form"": 1, ""season_scoring"": 1, ""travel_km"": 1}"
2026020047,NHL,20262027,regular,2026-10-06,2026-10-06,nhl-uta,nhl-njd,final,,,3,2,,,0.25,,,,,15.1,37.5,1,1,0,0.5,1.5,4.0,2,2,1,0,0.6667,4.0,1.6667,3,,,,,,,,,,,,,,,5,3,8,-2,nhl-uta,"{""common_opponents"": 1, ""games_played"": 1, ""head_to_head"": 1, ""home_advantage"": 1, ""last10_form"": 1, ""season_scoring"": 1, ""travel_km"": 1}"
2026020048,NHL,20262027,regular,2026-10-06,2026-10-06,nhl-nyi,nhl-nyr,final,,,2,4,,,0.25,,,,,22.8,0.0,3,1,0,0.75,2.75,1.5,4,1,1,0,0.5,3.5,1.0,2,,,,,,,,,,,,,,,2,5,7,3,nhl-nyr,"{""common_opponents"": 1, ""games_played"": 1, ""head_to_head"": 1, ""home_advantage"": 1, ""last10_form"": 1, ""season_scoring"": 1, ""travel_km"": 1}"
2026020049,NHL,20262027,regular,2026-10-06,2026-10-06,nhl-min,nhl-buf,final,,,2,2,,,0.25,,,,,1160.9,0.0,1,1,0,0.5,3.5,4.5,2,2,0,0,1.0,3.5,1.0,2,,,,,,,,,,,,,,,2,3,5,1,nhl-buf,"{""common_opponents"": 1, ""games_played"": 1, ""head_to_head"": 1, ""home_advantage"": 1, ""last10_form"": 1, ""season_scoring"": 1, ""travel_km"": 1}"
2026020050,NHL,20262027,regular,2026-10-06,2026-10-06,nhl-stl,nhl-chi,final,,,2,3,,,0.25,,,,,1475.2,730.7,0,3,0,0.0,1.6667,5.0,3,1,1,0,0.5,2.5,3.0,2,,,,,,,,,,,,,,,2,4,6,2,nhl-chi,"{""common_opponents"": 1, ""games_played"": 1, ""head_to_head"": 1, ""home_advantage"": 1, ""last10_form"": 1, ""season_scoring"": 1, ""travel_km"": 1}"
2026020051,NHL,20262027,regular,2026-10-06,2026-10-06,nhl-vgk,nhl-sea,final,,,3,3,,,0.25,,,,,192.3,0.0,2,1,0,0.6667,4.3333,1.6667,3,2,1,0,0.6667,3.6667,2.6667,3,,,,,,,,,,,,,,,6,2,8,-4,nhl-vgk,"{""common_opponents"": 1, ""games_played"": 1, ""head_to_head"": 1, ""home_advantage"": 1, ""last10_form"": 1, ""season_scoring"": 1, ""travel_km"": 1}"
2026020052,NHL,20262027,regular,2026-10-06,2026-10-06,nhl-fla,nhl-lak,final,,,3,2,,,0.25,,,,,44.5,491.4,0,1,1,0.25,4.0,6.5,2,1,0,2,0.6667,2.0,2.3333,3,,,,,,,1,1,3.0,4.0,1,1,4.0,5.0,2,1,3,-1,nhl-fla,"{""common_opponents"": 1, ""games_played"": 1, ""head_to_head"": 1, ""home_advantage"": 1, ""last10_form"": 1, ""season_scoring"": 1, ""travel_km"": 1}"
2026020053,NHL,20262027,regular,2026-10-07,2026-10-07,nhl-pit,nhl-wsh,scheduled,,,3,2,,,0.25,,,,,306.5,1317.6,1,1,0,0.5,3.0,2.5,2,2,1,0,0.6667,5.0,2.6667,3,,,,,,,,,,,,,,,,,,,,"{""common_opponents"": 1, ""games_played"": 1, ""head_to_head"": 1, ""home_advantage"": 1, ""last10_form"": 1, ""season_scoring"": 1, ""travel_km"": 1}"
2026020054,NHL,20262027,regular,2026-10-07,2026-10-07,nhl-col,nhl-wpg,scheduled,,,2,3,,,0.25,,,,,1285.6,1700.0,2,0,1,0.8333,3.0,2.6667,3,2,0,0,1.0,7.0,2.5,2,,,,,,,,,,,,,,,,,,,,"{""common_opponents"": 1, ""games_played"": 1, ""head_to_head"": 1, ""home_advantage"": 1, ""last10_form"": 1, ""season_scoring"": 1, ""travel_km"": 1}"
2026020055,NHL,20262027,regular,2026-10-07,2026-10-07,nhl-edm,nhl-ana,scheduled,,,3,2,,,0.25,,,,,2221.9,0.0,2,0,0,1.0,3.5,2.5,2,2,0,1,0.8333,5.6667,4.6667,3,,,,,,,,,,,,,,,,,,,,"{""common_opponents"": 1, ""games_played"": 1, ""head_to_head"": 1, ""home_advantage"": 1, ""last10_form"": 1, ""season_scoring"": 1, ""travel_km"": 1}"
